election_year,election_type,office,district,candidate_name,first_name,middle_name,last_name,prefix,suffix,nickname,full_name_display,party,phone,email,address,website,state,original_name,original_state,original_election_year,original_office,original_filing_date,id,stable_id,county,city,zip_code,filing_date,election_date,facebook,twitter
2024,Primary,US Representative,_1,Diana DeGette,Diana,,DeGette,,,,Diana DeGette,Democratic,,,,,Colorado,Diana DeGette,Colorado,2024,Representative to the 119th United States Congress - District 1,,,,,,,,,,
2024,Primary,US Representative,_1,Valdamar Archuleta,Valdamar,,Archuleta,,,,Valdamar Archuleta,Republican,,,,,Colorado,Valdamar Archuleta,Colorado,2024,Representative to the 119th United States Congress - District 1,,,,,,,,,,
2024,Primary,US Representative,_2,Joe Neguse,Joe,,Neguse,,,,Joe Neguse,Democratic,,,,,Colorado,Joe Neguse,Colorado,2024,Representative to the 119th United States Congress - District 2,,,,,,,,,,
2024,Primary,US Representative,_2,Marshall Dawson,Marshall,,Dawson,,,,Marshall Dawson,Republican,,,,,Colorado,Marshall Dawson,Colorado,2024,Representative to the 119th United States Congress - District 2,,,,,,,,,,
2024,Primary,US Representative,_3,Adam Frisch,Adam,,Frisch,,,,Adam Frisch,Democratic,,,,,Colorado,Adam Frisch,Colorado,2024,Representative to the 119th United States Congress - District 3,,,,,,,,,,
2024,Primary,US Representative,_3,Stephen A. Varela,Stephen,A.,Varela,,,,Stephen A. Varela,Republican,,,,,Colorado,Stephen A. Varela,Colorado,2024,Representative to the 119th United States Congress - District 3,,,,,,,,,,
2024,Primary,US Representative,_3,Ron Hanks,Ron,,Hanks,,,,Ron Hanks,Republican,,,,,Colorado,Ron Hanks,Colorado,2024,Representative to the 119th United States Congress - District 3,,,,,,,,,,
2024,Primary,US Representative,_3,Lew Webb,Lew,,Webb,,,,Lew Webb,Republican,,,,,Colorado,Lew Webb,Colorado,2024,Representative to the 119th United States Congress - District 3,,,,,,,,,,
2024,Primary,US Representative,_3,Russ Andrews,Russ,,Andrews,,,,Russ Andrews,Republican,,,,,Colorado,Russ Andrews,Colorado,2024,Representative to the 119th United States Congress - District 3,,,,,,,,,,
2024,Primary,US Representative,_3,Curtis M. McCrackin,Curtis,M.,McCrackin,,,,Curtis M. McCrackin,Republican,,,,,Colorado,Curtis M. McCrackin,Colorado,2024,Representative to the 119th United States Congress - District 3,,,,,,,,,,
2024,Primary,US Representative,_3,Jeff Hurd,Jeff,,Hurd,,,,Jeff Hurd,Republican,,,,,Colorado,Jeff Hurd,Colorado,2024,Representative to the 119th United States Congress - District 3,,,,,,,,,,
2024,Primary,US Representative,_4,Trisha Calvarese,Trisha,,Calvarese,,,,Trisha Calvarese,Democratic,,,,,Colorado,Trisha Calvarese,Colorado,2024,Representative to the 119th United States Congress - District 4,,,,,,,,,,
2024,Primary,US Representative,_4,John Padora Jr.,John,,Padora,,Jr,,John Padora,Democratic,,,,,Colorado,John Padora Jr.,Colorado,2024,Representative to the 119th United States Congress - District 4,,,,,,,,,,
2024,Primary,US Representative,_4,Ike McCorkle,Ike,,McCorkle,,,,Ike McCorkle,Democratic,,,,,Colorado,Ike McCorkle,Colorado,2024,Representative to the 119th United States Congress - District 4,,,,,,,,,,
2024,Primary,US Representative,_4,Lauren Boebert,Lauren,,Boebert,,,,Lauren Boebert,Republican,,,,,Colorado,Lauren Boebert,Colorado,2024,Representative to the 119th United States Congress - District 4,,,,,,,,,,
2024,Primary,US Representative,_4,Richard Holtorf,Richard,,Holtorf,,,,Richard Holtorf,Republican,,,,,Colorado,Richard Holtorf,Colorado,2024,Representative to the 119th United States Congress - District 4,,,,,,,,,,
2024,Primary,US Representative,_4,Mike Lynch,Mike,,Lynch,,,,Mike Lynch,Republican,,,,,Colorado,Mike Lynch,Colorado,2024,Representative to the 119th United States Congress - District 4,,,,,,,,,,
2024,Primary,US Representative,_4,Deborah Flora,Deborah,,Flora,,,,Deborah Flora,Republican,,,,,Colorado,Deborah Flora,Colorado,2024,Representative to the 119th United States Congress - District 4,,,,,,,,,,
2024,Primary,US Representative,_4,Jerry Sonnenberg,Jerry,,Sonnenberg,,,,Jerry Sonnenberg,Republican,,,,,Colorado,Jerry Sonnenberg,Colorado,2024,Representative to the 119th United States Congress - District 4,,,,,,,,,,
2024,Primary,US Representative,_4,Peter Yu,Peter,,Yu,,,,Peter Yu,Republican,,,,,Colorado,Peter Yu,Colorado,2024,Representative to the 119th United States Congress - District 4,,,,,,,,,,
2024,Primary,US Representative,_5,River Gassen,River,,Gassen,,,,River Gassen,Democratic,,,,,Colorado,River Gassen,Colorado,2024,Representative to the 119th United States Congress - District 5,,,,,,,,,,
2024,Primary,US Representative,_5,Joe Reagan,Joe,,Reagan,,,,Joe Reagan,Democratic,,,,,Colorado,Joe Reagan,Colorado,2024,Representative to the 119th United States Congress - District 5,,,,,,,,,,
2024,Primary,US Representative,_5,Dave Williams,Dave,,Williams,,,,Dave Williams,Republican,,,,,Colorado,Dave Williams,Colorado,2024,Representative to the 119th United States Congress - District 5,,,,,,,,,,
2024,Primary,US Representative,_5,Jeff Crank,Jeff,,Crank,,,,Jeff Crank,Republican,,,,,Colorado,Jeff Crank,Colorado,2024,Representative to the 119th United States Congress - District 5,,,,,,,,,,
2024,Primary,US Representative,_6,Jason Crow,Jason,,Crow,,,,Jason Crow,Democratic,,,,,Colorado,Jason Crow,Colorado,2024,Representative to the 119th United States Congress - District 6,,,,,,,,,,
2024,Primary,US Representative,_6,John E. Fabbricatore,John,E.,Fabbricatore,,,,John E. Fabbricatore,Republican,,,,,Colorado,John E. Fabbricatore,Colorado,2024,Representative to the 119th United States Congress - District 6,,,,,,,,,,
2024,Primary,US Representative,_7,Brittany Pettersen,Brittany,,Pettersen,,,,Brittany Pettersen,Democratic,,,,,Colorado,Brittany Pettersen,Colorado,2024,Representative to the 119th United States Congress - District 7,,,,,,,,,,
2024,Primary,US Representative,_7,Sergei Matveyuk,Sergei,,Matveyuk,,,,Sergei Matveyuk,Republican,,,,,Colorado,Sergei Matveyuk,Colorado,2024,Representative to the 119th United States Congress - District 7,,,,,,,,,,
2024,Primary,US Representative,_8,Yadira Caraveo,Yadira,,Caraveo,,,,Yadira Caraveo,Democratic,,,,,Colorado,Yadira Caraveo,Colorado,2024,Representative to the 119th United States Congress - District 8,,,,,,,,,,
2024,Primary,US Representative,_8,Gabe Evans,Gabe,,Evans,,,,Gabe Evans,Republican,,,,,Colorado,Gabe Evans,Colorado,2024,Representative to the 119th United States Congress - District 8,,,,,,,,,,
2024,Primary,US Representative,_8,Janak Joshi,Janak,,Joshi,,,,Janak Joshi,Republican,,,,,Colorado,Janak Joshi,Colorado,2024,Representative to the 119th United States Congress - District 8,,,,,,,,,,
2024,Primary,State Board of Education Member,_2,Kathy Gebhardt,Kathy,,Gebhardt,,,,Kathy Gebhardt,Democratic,,,,,Colorado,Kathy Gebhardt,Colorado,2024,State Board of Education Member - Congressional District 2,,,,,,,,,,
2024,Primary,State Board of Education Member,_2,Marisol Lynda Rodriguez,Marisol,Lynda,Rodriguez,,,,Marisol Lynda Rodriguez,Democratic,,,,,Colorado,Marisol Lynda Rodriguez,Colorado,2024,State Board of Education Member - Congressional District 2,,,,,,,,,,
2024,Primary,State Board of Education Member,_3,Ellen Angeles,Ellen,,Angeles,,,,Ellen Angeles,Democratic,,,,,Colorado,Ellen Angeles,Colorado,2024,State Board of Education Member - Congressional District 3,,,,,,,,,,
2024,Primary,State Board of Education Member,_3,Sherri M Wright,Sherri,M,Wright,,,,Sherri M Wright,Republican,,,,,Colorado,Sherri M Wright,Colorado,2024,State Board of Education Member - Congressional District 3,,,,,,,,,,
2024,Primary,State Board of Education Member,_4,Krista Holtzmann,Krista,,Holtzmann,,,,Krista Holtzmann,Democratic,,,,,Colorado,Krista Holtzmann,Colorado,2024,State Board of Education Member - Congressional District 4,,,,,,,,,,
2024,Primary,State Board of Education Member,_4,"Kristi ""KBB"" Burton Brown",Kristi,Burton,Brown,,,KBB,Kristi Burton Brown,Republican,,,,,Colorado,"Kristi ""KBB"" Burton Brown",Colorado,2024,State Board of Education Member - Congressional District 4,,,,,,,,,,
2024,Primary,State Board of Education Member,_4,Saundra Larsen,Saundra,,Larsen,,,,Saundra Larsen,Republican,,,,,Colorado,Saundra Larsen,Colorado,2024,State Board of Education Member - Congressional District 4,,,,,,,,,,
2024,Primary,State Board of Education Member,_8,Rhonda Solis,Rhonda,,Solis,,,,Rhonda Solis,Democratic,,,,,Colorado,Rhonda Solis,Colorado,2024,State Board of Education Member - Congressional District 8,,,,,,,,,,
2024,Primary,State Board of Education Member,_8,Yazmin Navarro,Yazmin,,Navarro,,,,Yazmin Navarro,Republican,,,,,Colorado,Yazmin Navarro,Colorado,2024,State Board of Education Member - Congressional District 8,,,,,,,,,,
2024,Primary,Regent of the University of Colorado,,Elliott Hood,Elliott,,Hood,,,,Elliott Hood,Democratic,,,,,Colorado,Elliott Hood,Colorado,2024,Regent of the University of Colorado - At Large,,,,,,,,,,
2024,Primary,Regent of the University of Colorado,,"Charles ""CJ"" Johnson",Charles,,Johnson,,,CJ,Charles Johnson,Democratic,,,,,Colorado,"Charles ""CJ"" Johnson",Colorado,2024,Regent of the University of Colorado - At Large,,,,,,,,,,
2024,Primary,Regent of the University of Colorado,,Eric Rinard,Eric,,Rinard,,,,Eric Rinard,Republican,,,,,Colorado,Eric Rinard,Colorado,2024,Regent of the University of Colorado - At Large,,,,,,,,,,
2024,Primary,Regent of the University of Colorado,_3,Robert B. Logan,Robert,B.,Logan,,,,Robert B. Logan,Democratic,,,,,Colorado,Robert B. Logan,Colorado,2024,Regent of the University of Colorado - Congressional District 3,,,,,,,,,,
2024,Primary,Regent of the University of Colorado,_3,Kristine Sposato,Kristine,,Sposato,,,,Kristine Sposato,Republican,,,,,Colorado,Kristine Sposato,Colorado,2024,Regent of the University of Colorado - Congressional District 3,,,,,,,,,,
2024,Primary,Regent of the University of Colorado,_3,Ray Scott,Ray,,Scott,,,,Ray Scott,Republican,,,,,Colorado,Ray Scott,Colorado,2024,Regent of the University of Colorado - Congressional District 3,,,,,,,,,,
2024,Primary,Regent of the University of Colorado,_5,Axel Brown,Axel,,Brown,,,,Axel Brown,Democratic,,,,,Colorado,Axel Brown,Colorado,2024,Regent of the University of Colorado - Congressional District 5,,,,,,,,,,
2024,Primary,Regent of the University of Colorado,_5,Ken Montera,Ken,,Montera,,,,Ken Montera,Republican,,,,,Colorado,Ken Montera,Colorado,2024,Regent of the University of Colorado - Congressional District 5,,,,,,,,,,
2024,Primary,State Senator,_2,Jennifer Brady,Jennifer,,Brady,,,,Jennifer Brady,Democratic,,,,,Colorado,Jennifer Brady,Colorado,2024,State Senator - District 2,,,,,,,,,,
2024,Primary,State Senator,_2,Timothy Wesley Arvidson,Timothy,Wesley,Arvidson,,,,Timothy Wesley Arvidson,Republican,,,,,Colorado,Timothy Wesley Arvidson,Colorado,2024,State Senator - District 2,,,,,,,,,,
2024,Primary,State Senator,_2,Lisa Frizell,Lisa,,Frizell,,,,Lisa Frizell,Republican,,,,,Colorado,Lisa Frizell,Colorado,2024,State Senator - District 2,,,,,,,,,,
2024,Primary,State Senator,_5,Cole Buerger,Cole,,Buerger,,,,Cole Buerger,Democratic,,,,,Colorado,Cole Buerger,Colorado,2024,State Senator - District 5,,,,,,,,,,
2024,Primary,State Senator,_5,Marc Catlin,Marc,,Catlin,,,,Marc Catlin,Republican,,,,,Colorado,Marc Catlin,Colorado,2024,State Senator - District 5,,,,,,,,,,
2024,Primary,State Senator,_6,Vivian Smotherman,Vivian,,Smotherman,,,,Vivian Smotherman,Democratic,,,,,Colorado,Vivian Smotherman,Colorado,2024,State Senator - District 6,,,,,,,,,,
2024,Primary,State Senator,_6,Cleave Alan Simpson,Cleave,Alan,Simpson,,,,Cleave Alan Simpson,Republican,,,,,Colorado,Cleave Alan Simpson,Colorado,2024,State Senator - District 6,,,,,,,,,,
2024,Primary,State Senator,_10,Rex Tonkins,Rex,,Tonkins,,,,Rex Tonkins,Republican,,,,,Colorado,Rex Tonkins,Colorado,2024,State Senator - District 10,,,,,,,,,,
2024,Primary,State Senator,_10,David Stiver,David,,Stiver,,,,David Stiver,Republican,,,,,Colorado,David Stiver,Colorado,2024,State Senator - District 10,,,,,,,,,,
2024,Primary,State Senator,_10,Larry G. Liston,Larry,G.,Liston,,,,Larry G. Liston,Republican,,,,,Colorado,Larry G. Liston,Colorado,2024,State Senator - District 10,,,,,,,,,,
2024,Primary,State Senator,_12,Marc Snyder,Marc,,Snyder,,,,Marc Snyder,Democratic,,,,,Colorado,Marc Snyder,Colorado,2024,State Senator - District 12,,,,,,,,,,
2024,Primary,State Senator,_12,Adriana Cuva,Adriana,,Cuva,,,,Adriana Cuva,Republican,,,,,Colorado,Adriana Cuva,Colorado,2024,State Senator - District 12,,,,,,,,,,
2024,Primary,State Senator,_12,Stan VanderWerf,Stan,,VanderWerf,,,,Stan VanderWerf,Republican,,,,,Colorado,Stan VanderWerf,Colorado,2024,State Senator - District 12,,,,,,,,,,
2024,Primary,State Senator,_13,Matt Johnston,Matt,,Johnston,,,,Matt Johnston,Democratic,,,,,Colorado,Matt Johnston,Colorado,2024,State Senator - District 13,,,,,,,,,,
2024,Primary,State Senator,_13,Scott Bright,Scott,,Bright,,,,Scott Bright,Republican,,,,,Colorado,Scott Bright,Colorado,2024,State Senator - District 13,,,,,,,,,,
2024,Primary,State Senator,_14,Cathy Kipp,Cathy,,Kipp,,,,Cathy Kipp,Democratic,,,,,Colorado,Cathy Kipp,Colorado,2024,State Senator - District 14,,,,,,,,,,
2024,Primary,State Senator,_14,Phoebe McWilliams,Phoebe,,McWilliams,,,,Phoebe McWilliams,Republican,,,,,Colorado,Phoebe McWilliams,Colorado,2024,State Senator - District 14,,,,,,,,,,
2024,Primary,State Senator,_16,Chris Kolker,Chris,,Kolker,,,,Chris Kolker,Democratic,,,,,Colorado,Chris Kolker,Colorado,2024,State Senator - District 16,,,,,,,,,,
2024,Primary,State Senator,_16,Robyn Carnes,Robyn,,Carnes,,,,Robyn Carnes,Republican,,,,,Colorado,Robyn Carnes,Colorado,2024,State Senator - District 16,,,,,,,,,,
2024,Primary,State Senator,_17,Sonya Jaquez Lewis,Sonya,Jaquez,Lewis,,,,Sonya Jaquez Lewis,Democratic,,,,,Colorado,Sonya Jaquez Lewis,Colorado,2024,State Senator - District 17,,,,,,,,,,
2024,Primary,State Senator,_17,Tom Van Lone,Tom,Van,Lone,,,,Tom Van Lone,Republican,,,,,Colorado,Tom Van Lone,Colorado,2024,State Senator - District 17,,,,,,,,,,
2024,Primary,State Senator,_18,Judy Amabile,Judy,,Amabile,,,,Judy Amabile,Democratic,,,,,Colorado,Judy Amabile,Colorado,2024,State Senator - District 18,,,,,,,,,,
2024,Primary,State Senator,_18,Jovita Schiffer,Jovita,,Schiffer,,,,Jovita Schiffer,Democratic,,,,,Colorado,Jovita Schiffer,Colorado,2024,State Senator - District 18,,,,,,,,,,
2024,Primary,State Senator,_19,Obi Ezeadi,Obi,,Ezeadi,,,,Obi Ezeadi,Democratic,,,,,Colorado,Obi Ezeadi,Colorado,2024,State Senator - District 19,,,,,,,,,,
2024,Primary,State Senator,_19,Lindsey Daugherty,Lindsey,,Daugherty,,,,Lindsey Daugherty,Democratic,,,,,Colorado,Lindsey Daugherty,Colorado,2024,State Senator - District 19,,,,,,,,,,
2024,Primary,State Senator,_19,Sam Bandimere,Sam,,Bandimere,,,,Sam Bandimere,Republican,,,,,Colorado,Sam Bandimere,Colorado,2024,State Senator - District 19,,,,,,,,,,
2024,Primary,State Senator,_21,Dafna Michaelson Jenet,Dafna,Michaelson,Jenet,,,,Dafna Michaelson Jenet,Democratic,,,,,Colorado,Dafna Michaelson Jenet,Colorado,2024,State Senator - District 21,,,,,,,,,,
2024,Primary,State Senator,_21,Frederick Alfred Jr,Frederick,,Alfred,,Jr,,Frederick Alfred,Republican,,,,,Colorado,Frederick Alfred Jr,Colorado,2024,State Senator - District 21,,,,,,,,,,
2024,Primary,State Senator,_23,Barb Kirkmeyer,Barb,,Kirkmeyer,,,,Barb Kirkmeyer,Republican,,,,,Colorado,Barb Kirkmeyer,Colorado,2024,State Senator - District 23,,,,,,,,,,
2024,Primary,State Senator,_23,Natalie Abshier,Natalie,,Abshier,,,,Natalie Abshier,Republican,,,,,Colorado,Natalie Abshier,Colorado,2024,State Senator - District 23,,,,,,,,,,
2024,Primary,State Senator,_26,Jeff Bridges,Jeff,,Bridges,,,,Jeff Bridges,Democratic,,,,,Colorado,Jeff Bridges,Colorado,2024,State Senator - District 26,,,,,,,,,,
2024,Primary,State Senator,_26,Bob Lane,Bob,,Lane,,,,Bob Lane,Republican,,,,,Colorado,Bob Lane,Colorado,2024,State Senator - District 26,,,,,,,,,,
2024,Primary,State Senator,_28,Mike Weissman,Mike,,Weissman,,,,Mike Weissman,Democratic,,,,,Colorado,Mike Weissman,Colorado,2024,State Senator - District 28,,,,,,,,,,
2024,Primary,State Senator,_28,Idris Keith,Idris,,Keith,,,,Idris Keith,Democratic,,,,,Colorado,Idris Keith,Colorado,2024,State Senator - District 28,,,,,,,,,,
2024,Primary,State Senator,_28,Pedro Espinoza,Pedro,,Espinoza,,,,Pedro Espinoza,Republican,,,,,Colorado,Pedro Espinoza,Colorado,2024,State Senator - District 28,,,,,,,,,,
2024,Primary,State Senator,_29,Janet Buckner,Janet,,Buckner,,,,Janet Buckner,Democratic,,,,,Colorado,Janet Buckner,Colorado,2024,State Senator - District 29,,,,,,,,,,
2024,Primary,State Senator,_29,Robert Tate,Robert,,Tate,,,,Robert Tate,Republican,,,,,Colorado,Robert Tate,Colorado,2024,State Senator - District 29,,,,,,,,,,
2024,Primary,State Senator,_31,Chris Hansen,Chris,,Hansen,,,,Chris Hansen,Democratic,,,,,Colorado,Chris Hansen,Colorado,2024,State Senator - District 31,,,,,,,,,,
2024,Primary,State Senator,_33,James Coleman,James,,Coleman,,,,James Coleman,Democratic,,,,,Colorado,James Coleman,Colorado,2024,State Senator - District 33,,,,,,,,,,
2024,Primary,State Senator,_33,Max Minnig,Max,,Minnig,,,,Max Minnig,Republican,,,,,Colorado,Max Minnig,Colorado,2024,State Senator - District 33,,,,,,,,,,
2024,Primary,State Representative,_1,Javier Mabrey,Javier,,Mabrey,,,,Javier Mabrey,Democratic,,,,,Colorado,Javier Mabrey,Colorado,2024,State Representative - District 1,,,,,,,,,,
2024,Primary,State Representative,_1,Barbara DeHaan,Barbara,,DeHaan,,,,Barbara DeHaan,Republican,,,,,Colorado,Barbara DeHaan,Colorado,2024,State Representative - District 1,,,,,,,,,,
2024,Primary,State Representative,_2,Steven Woodrow,Steven,,Woodrow,,,,Steven Woodrow,Democratic,,,,,Colorado,Steven Woodrow,Colorado,2024,State Representative - District 2,,,,,,,,,,
2024,Primary,State Representative,_2,Michael F. DiManna,Michael,F.,DiManna,,,,Michael F. DiManna,Republican,,,,,Colorado,Michael F. DiManna,Colorado,2024,State Representative - District 2,,,,,,,,,,
2024,Primary,State Representative,_3,Meg Froelich,Meg,,Froelich,,,,Meg Froelich,Democratic,,,,,Colorado,Meg Froelich,Colorado,2024,State Representative - District 3,,,,,,,,,,
2024,Primary,State Representative,_3,Mickey Neal,Mickey,,Neal,,,,Mickey Neal,Republican,,,,,Colorado,Mickey Neal,Colorado,2024,State Representative - District 3,,,,,,,,,,
2024,Primary,State Representative,_4,Timothy Mariano Hernández,Timothy,Mariano,Hernández,,,,Timothy Mariano Hernández,Democratic,,,,,Colorado,Timothy Mariano Hernández,Colorado,2024,State Representative - District 4,,,,,,,,,,
2024,Primary,State Representative,_4,Cecelia Espenoza,Cecelia,,Espenoza,,,,Cecelia Espenoza,Democratic,,,,,Colorado,Cecelia Espenoza,Colorado,2024,State Representative - District 4,,,,,,,,,,
2024,Primary,State Representative,_4,Jack Daus,Jack,,Daus,,,,Jack Daus,Republican,,,,,Colorado,Jack Daus,Colorado,2024,State Representative - District 4,,,,,,,,,,
2024,Primary,State Representative,_5,Alex Valdez,Alex,,Valdez,,,,Alex Valdez,Democratic,,,,,Colorado,Alex Valdez,Colorado,2024,State Representative - District 5,,,,,,,,,,
2024,Primary,State Representative,_5,Johnnie Wesley Johnson,Johnnie,Wesley,Johnson,,,,Johnnie Wesley Johnson,Republican,,,,,Colorado,Johnnie Wesley Johnson,Colorado,2024,State Representative - District 5,,,,,,,,,,
2024,Primary,State Representative,_6,Sean Camacho,Sean,,Camacho,,,,Sean Camacho,Democratic,,,,,Colorado,Sean Camacho,Colorado,2024,State Representative - District 6,,,,,,,,,,
2024,Primary,State Representative,_6,Elisabeth Epps,Elisabeth,,Epps,,,,Elisabeth Epps,Democratic,,,,,Colorado,Elisabeth Epps,Colorado,2024,State Representative - District 6,,,,,,,,,,
2024,Primary,State Representative,_6,Kyle Witter,Kyle,,Witter,,,,Kyle Witter,Republican,,,,,Colorado,Kyle Witter,Colorado,2024,State Representative - District 6,,,,,,,,,,
2024,Primary,State Representative,_7,Jennifer Bacon,Jennifer,,Bacon,,,,Jennifer Bacon,Democratic,,,,,Colorado,Jennifer Bacon,Colorado,2024,State Representative - District 7,,,,,,,,,,
2024,Primary,State Representative,_7,Tom Swift,Tom,,Swift,,,,Tom Swift,Republican,,,,,Colorado,Tom Swift,Colorado,2024,State Representative - District 7,,,,,,,,,,
2024,Primary,State Representative,_8,Lindsay Gilchrist,Lindsay,,Gilchrist,,,,Lindsay Gilchrist,Democratic,,,,,Colorado,Lindsay Gilchrist,Colorado,2024,State Representative - District 8,,,,,,,,,,
2024,Primary,State Representative,_8,Philip Borrelli,Philip,,Borrelli,,,,Philip Borrelli,Republican,,,,,Colorado,Philip Borrelli,Colorado,2024,State Representative - District 8,,,,,,,,,,
2024,Primary,State Representative,_9,Emily Sirota,Emily,,Sirota,,,,Emily Sirota,Democratic,,,,,Colorado,Emily Sirota,Colorado,2024,State Representative - District 9,,,,,,,,,,
2024,Primary,State Representative,_9,Tom Cowhick,Tom,,Cowhick,,,,Tom Cowhick,Republican,,,,,Colorado,Tom Cowhick,Colorado,2024,State Representative - District 9,,,,,,,,,,
2024,Primary,State Representative,_10,Junie Joseph,Junie,,Joseph,,,,Junie Joseph,Democratic,,,,,Colorado,Junie Joseph,Colorado,2024,State Representative - District 10,,,,,,,,,,
2024,Primary,State Representative,_10,Tina Mueh,Tina,,Mueh,,,,Tina Mueh,Democratic,,,,,Colorado,Tina Mueh,Colorado,2024,State Representative - District 10,,,,,,,,,,
2024,Primary,State Representative,_10,William B. DeOreo,William,B.,DeOreo,,,,William B. DeOreo,Republican,,,,,Colorado,William B. DeOreo,Colorado,2024,State Representative - District 10,,,,,,,,,,
2024,Primary,State Representative,_11,Karen McCormick,Karen,,McCormick,,,,Karen McCormick,Democratic,,,,,Colorado,Karen McCormick,Colorado,2024,State Representative - District 11,,,,,,,,,,
2024,Primary,State Representative,_11,Kathy Reeves,Kathy,,Reeves,,,,Kathy Reeves,Republican,,,,,Colorado,Kathy Reeves,Colorado,2024,State Representative - District 11,,,,,,,,,,
2024,Primary,State Representative,_11,Terri Goon,Terri,,Goon,,,,Terri Goon,Republican,,,,,Colorado,Terri Goon,Colorado,2024,State Representative - District 11,,,,,,,,,,
2024,Primary,State Representative,_12,Kyle Brown,Kyle,,Brown,,,,Kyle Brown,Democratic,,,,,Colorado,Kyle Brown,Colorado,2024,State Representative - District 12,,,,,,,,,,
2024,Primary,State Representative,_12,Robert Mahler,Robert,,Mahler,,,,Robert Mahler,Republican,,,,,Colorado,Robert Mahler,Colorado,2024,State Representative - District 12,,,,,,,,,,
2024,Primary,State Representative,_12,Mark Milliman,Mark,,Milliman,,,,Mark Milliman,Republican,,,,,Colorado,Mark Milliman,Colorado,2024,State Representative - District 12,,,,,,,,,,
2024,Primary,State Representative,_13,Julie McCluskie,Julie,,McCluskie,,,,Julie McCluskie,Democratic,,,,,Colorado,Julie McCluskie,Colorado,2024,State Representative - District 13,,,,,,,,,,
2024,Primary,State Representative,_13,Dave Williams,Dave,,Williams,,,,Dave Williams,Republican,,,,,Colorado,Dave Williams,Colorado,2024,State Representative - District 13,,,,,,,,,,
2024,Primary,State Representative,_14,"Katherine ""Kat"" Gayle",Katherine,,Gayle,,,Kat,Katherine Gayle,Democratic,,,,,Colorado,"Katherine ""Kat"" Gayle",Colorado,2024,State Representative - District 14,,,,,,,,,,
2024,Primary,State Representative,_14,Rose Pugliese,Rose,,Pugliese,,,,Rose Pugliese,Republican,,,,,Colorado,Rose Pugliese,Colorado,2024,State Representative - District 14,,,,,,,,,,
2024,Primary,State Representative,_15,Jeff K. Livingston,Jeff,K.,Livingston,,,,Jeff K. Livingston,Democratic,,,,,Colorado,Jeff K. Livingston,Colorado,2024,State Representative - District 15,,,,,,,,,,
2024,Primary,State Representative,_15,Scott Bottoms,Scott,,Bottoms,,,,Scott Bottoms,Republican,,,,,Colorado,Scott Bottoms,Colorado,2024,State Representative - District 15,,,,,,,,,,
2024,Primary,State Representative,_16,Steph Vigil,Steph,,Vigil,,,,Steph Vigil,Democratic,,,,,Colorado,Steph Vigil,Colorado,2024,State Representative - District 16,,,,,,,,,,
2024,Primary,State Representative,_16,Rebecca Keltie,Rebecca,,Keltie,,,,Rebecca Keltie,Republican,,,,,Colorado,Rebecca Keltie,Colorado,2024,State Representative - District 16,,,,,,,,,,
2024,Primary,State Representative,_17,Regina English,Regina,,English,,,,Regina English,Democratic,,,,,Colorado,Regina English,Colorado,2024,State Representative - District 17,,,,,,,,,,
2024,Primary,State Representative,_17,Elizabeth Riggs,Elizabeth,,Riggs,,,,Elizabeth Riggs,Republican,,,,,Colorado,Elizabeth Riggs,Colorado,2024,State Representative - District 17,,,,,,,,,,
2024,Primary,State Representative,_18,Amy T. Paschal,Amy,T.,Paschal,,,,Amy T. Paschal,Democratic,,,,,Colorado,Amy T. Paschal,Colorado,2024,State Representative - District 18,,,,,,,,,,
2024,Primary,State Representative,_18,James R. Boelens Jr.,James,R.,Boelens,,Jr,,James R. Boelens,Republican,,,,,Colorado,James R. Boelens Jr.,Colorado,2024,State Representative - District 18,,,,,,,,,,
2024,Primary,State Representative,_19,Jennifer Lea Parenti,Jennifer,Lea,Parenti,,,,Jennifer Lea Parenti,Democratic,,,,,Colorado,Jennifer Lea Parenti,Colorado,2024,State Representative - District 19,,,,,,,,,,
2024,Primary,State Representative,_19,Dan Woog,Dan,,Woog,,,,Dan Woog,Republican,,,,,Colorado,Dan Woog,Colorado,2024,State Representative - District 19,,,,,,,,,,
2024,Primary,State Representative,_20,Arik Dougherty,Arik,,Dougherty,,,,Arik Dougherty,Democratic,,,,,Colorado,Arik Dougherty,Colorado,2024,State Representative - District 20,,,,,,,,,,
2024,Primary,State Representative,_20,Jason Lupo,Jason,,Lupo,,,,Jason Lupo,Republican,,,,,Colorado,Jason Lupo,Colorado,2024,State Representative - District 20,,,,,,,,,,
2024,Primary,State Representative,_20,Jarvis Caldwell,Jarvis,,Caldwell,,,,Jarvis Caldwell,Republican,,,,,Colorado,Jarvis Caldwell,Colorado,2024,State Representative - District 20,,,,,,,,,,
2024,Primary,State Representative,_21,Liz Rosenbaum,Liz,,Rosenbaum,,,,Liz Rosenbaum,Democratic,,,,,Colorado,Liz Rosenbaum,Colorado,2024,State Representative - District 21,,,,,,,,,,
2024,Primary,State Representative,_21,Jan Koester,Jan,,Koester,,,,Jan Koester,Republican,,,,,Colorado,Jan Koester,Colorado,2024,State Representative - District 21,,,,,,,,,,
2024,Primary,State Representative,_21,Bill Garlington,Bill,,Garlington,,,,Bill Garlington,Republican,,,,,Colorado,Bill Garlington,Colorado,2024,State Representative - District 21,,,,,,,,,,
2024,Primary,State Representative,_21,Mary Bradfield,Mary,,Bradfield,,,,Mary Bradfield,Republican,,,,,Colorado,Mary Bradfield,Colorado,2024,State Representative - District 21,,,,,,,,,,
2024,Primary,State Representative,_22,Michael M. Pierson,Michael,M.,Pierson,,,,Michael M. Pierson,Democratic,,,,,Colorado,Michael M. Pierson,Colorado,2024,State Representative - District 22,,,,,,,,,,
2024,Primary,State Representative,_22,Ken deGraaf,Ken,,deGraaf,,,,Ken deGraaf,Republican,,,,,Colorado,Ken deGraaf,Colorado,2024,State Representative - District 22,,,,,,,,,,
2024,Primary,State Representative,_23,Monica Irasema Duran,Monica,Irasema,Duran,,,,Monica Irasema Duran,Democratic,,,,,Colorado,Monica Irasema Duran,Colorado,2024,State Representative - District 23,,,,,,,,,,
2024,Primary,State Representative,_24,Lisa Feret,Lisa,,Feret,,,,Lisa Feret,Democratic,,,,,Colorado,Lisa Feret,Colorado,2024,State Representative - District 24,,,,,,,,,,
2024,Primary,State Representative,_24,Gwen Henderson,Gwen,,Henderson,,,,Gwen Henderson,Republican,,,,,Colorado,Gwen Henderson,Colorado,2024,State Representative - District 24,,,,,,,,,,
2024,Primary,State Representative,_25,Tammy Story,Tammy,,Story,,,,Tammy Story,Democratic,,,,,Colorado,Tammy Story,Colorado,2024,State Representative - District 25,,,,,,,,,,
2024,Primary,State Representative,_25,George B. Mumma Jr,George,B.,Mumma,,Jr,,George B. Mumma,Republican,,,,,Colorado,George B. Mumma Jr,Colorado,2024,State Representative - District 25,,,,,,,,,,
2024,Primary,State Representative,_26,Meghan Lukens,Meghan,,Lukens,,,,Meghan Lukens,Democratic,,,,,Colorado,Meghan Lukens,Colorado,2024,State Representative - District 26,,,,,,,,,,
2024,Primary,State Representative,_26,Nathan Butler,Nathan,,Butler,,,,Nathan Butler,Republican,,,,,Colorado,Nathan Butler,Colorado,2024,State Representative - District 26,,,,,,,,,,
2024,Primary,State Representative,_27,Brianna Titone,Brianna,,Titone,,,,Brianna Titone,Democratic,,,,,Colorado,Brianna Titone,Colorado,2024,State Representative - District 27,,,,,,,,,,
2024,Primary,State Representative,_27,Ed Cox,Ed,,Cox,,,,Ed Cox,Republican,,,,,Colorado,Ed Cox,Colorado,2024,State Representative - District 27,,,,,,,,,,
2024,Primary,State Representative,_28,Sheila Lieder,Sheila,,Lieder,,,,Sheila Lieder,Democratic,,,,,Colorado,Sheila Lieder,Colorado,2024,State Representative - District 28,,,,,,,,,,
2024,Primary,State Representative,_28,Peter Boddie,Peter,,Boddie,,,,Peter Boddie,Republican,,,,,Colorado,Peter Boddie,Colorado,2024,State Representative - District 28,,,,,,,,,,
2024,Primary,State Representative,_29,Shannon Bird,Shannon,,Bird,,,,Shannon Bird,Democratic,,,,,Colorado,Shannon Bird,Colorado,2024,State Representative - District 29,,,,,,,,,,
2024,Primary,State Representative,_29,Evan Shields Hunt,Evan,Shields,Hunt,,,,Evan Shields Hunt,Republican,,,,,Colorado,Evan Shields Hunt,Colorado,2024,State Representative - District 29,,,,,,,,,,
2024,Primary,State Representative,_30,Rebekah Stewart,Rebekah,,Stewart,,,,Rebekah Stewart,Democratic,,,,,Colorado,Rebekah Stewart,Colorado,2024,State Representative - District 30,,,,,,,,,,
2024,Primary,State Representative,_30,Kyra deGruy Kennedy,Kyra,deGruy,Kennedy,,,,Kyra deGruy Kennedy,Democratic,,,,,Colorado,Kyra deGruy Kennedy,Colorado,2024,State Representative - District 30,,,,,,,,,,
2024,Primary,State Representative,_30,Ramey Johnson,Ramey,,Johnson,,,,Ramey Johnson,Republican,,,,,Colorado,Ramey Johnson,Colorado,2024,State Representative - District 30,,,,,,,,,,
2024,Primary,State Representative,_31,Julia Marvin,Julia,,Marvin,,,,Julia Marvin,Democratic,,,,,Colorado,Julia Marvin,Colorado,2024,State Representative - District 31,,,,,,,,,,
2024,Primary,State Representative,_31,"Jacqueline ""Jacque"" Phillips",Jacqueline,,Phillips,,,Jacque,Jacqueline Phillips,Democratic,,,,,Colorado,"Jacqueline ""Jacque"" Phillips",Colorado,2024,State Representative - District 31,,,,,,,,,,
2024,Primary,State Representative,_31,Heidi Pitchforth,Heidi,,Pitchforth,,,,Heidi Pitchforth,Republican,,,,,Colorado,Heidi Pitchforth,Colorado,2024,State Representative - District 31,,,,,,,,,,
2024,Primary,State Representative,_32,Manny Rutinel,Manny,,Rutinel,,,,Manny Rutinel,Democratic,,,,,Colorado,Manny Rutinel,Colorado,2024,State Representative - District 32,,,,,,,,,,
2024,Primary,State Representative,_33,William Lindstedt,William,,Lindstedt,,,,William Lindstedt,Democratic,,,,,Colorado,William Lindstedt,Colorado,2024,State Representative - District 33,,,,,,,,,,
2024,Primary,State Representative,_33,Michael Martinez,Michael,,Martinez,,,,Michael Martinez,Republican,,,,,Colorado,Michael Martinez,Colorado,2024,State Representative - District 33,,,,,,,,,,
2024,Primary,State Representative,_34,Jenny Willford,Jenny,,Willford,,,,Jenny Willford,Democratic,,,,,Colorado,Jenny Willford,Colorado,2024,State Representative - District 34,,,,,,,,,,
2024,Primary,State Representative,_34,Craig Sullivan,Craig,,Sullivan,,,,Craig Sullivan,Republican,,,,,Colorado,Craig Sullivan,Colorado,2024,State Representative - District 34,,,,,,,,,,
2024,Primary,State Representative,_35,Lorena Garcia,Lorena,,Garcia,,,,Lorena Garcia,Democratic,,,,,Colorado,Lorena Garcia,Colorado,2024,State Representative - District 35,,,,,,,,,,
2024,Primary,State Representative,_35,Lee J Knoll,Lee,J,Knoll,,,,Lee J Knoll,Republican,,,,,Colorado,Lee J Knoll,Colorado,2024,State Representative - District 35,,,,,,,,,,
2024,Primary,State Representative,_36,Bryan Lindstrom,Bryan,,Lindstrom,,,,Bryan Lindstrom,Democratic,,,,,Colorado,Bryan Lindstrom,Colorado,2024,State Representative - District 36,,,,,,,,,,
2024,Primary,State Representative,_36,Michael Carter,Michael,,Carter,,,,Michael Carter,Democratic,,,,,Colorado,Michael Carter,Colorado,2024,State Representative - District 36,,,,,,,,,,
2024,Primary,State Representative,_37,Chad Clifford,Chad,,Clifford,,,,Chad Clifford,Democratic,,,,,Colorado,Chad Clifford,Colorado,2024,State Representative - District 37,,,,,,,,,,
2024,Primary,State Representative,_37,Danny D. Moore,Danny,D.,Moore,,,,Danny D. Moore,Republican,,,,,Colorado,Danny D. Moore,Colorado,2024,State Representative - District 37,,,,,,,,,,
2024,Primary,State Representative,_38,Gretchen Jeannette Rydin,Gretchen,Jeannette,Rydin,,,,Gretchen Jeannette Rydin,Democratic,,,,,Colorado,Gretchen Jeannette Rydin,Colorado,2024,State Representative - District 38,,,,,,,,,,
2024,Primary,State Representative,_38,Jeffrey Patty,Jeffrey,,Patty,,,,Jeffrey Patty,Republican,,,,,Colorado,Jeffrey Patty,Colorado,2024,State Representative - District 38,,,,,,,,,,
2024,Primary,State Representative,_39,Eric Brody,Eric,,Brody,,,,Eric Brody,Democratic,,,,,Colorado,Eric Brody,Colorado,2024,State Representative - District 39,,,,,,,,,,
2024,Primary,State Representative,_39,Brandi Bradley,Brandi,,Bradley,,,,Brandi Bradley,Republican,,,,,Colorado,Brandi Bradley,Colorado,2024,State Representative - District 39,,,,,,,,,,
2024,Primary,State Representative,_40,Naquetta Ricks,Naquetta,,Ricks,,,,Naquetta Ricks,Democratic,,,,,Colorado,Naquetta Ricks,Colorado,2024,State Representative - District 40,,,,,,,,,,
2024,Primary,State Representative,_40,Darryl Gibbs,Darryl,,Gibbs,,,,Darryl Gibbs,Republican,,,,,Colorado,Darryl Gibbs,Colorado,2024,State Representative - District 40,,,,,,,,,,
2024,Primary,State Representative,_41,Iman Jodeh,Iman,,Jodeh,,,,Iman Jodeh,Democratic,,,,,Colorado,Iman Jodeh,Colorado,2024,State Representative - District 41,,,,,,,,,,
2024,Primary,State Representative,_41,Rob McKenna,Rob,,McKenna,,,,Rob McKenna,Republican,,,,,Colorado,Rob McKenna,Colorado,2024,State Representative - District 41,,,,,,,,,,
2024,Primary,State Representative,_42,Mandy Lindsay,Mandy,,Lindsay,,,,Mandy Lindsay,Democratic,,,,,Colorado,Mandy Lindsay,Colorado,2024,State Representative - District 42,,,,,,,,,,
2024,Primary,State Representative,_43,Bob Marshall,Bob,,Marshall,,,,Bob Marshall,Democratic,,,,,Colorado,Bob Marshall,Colorado,2024,State Representative - District 43,,,,,,,,,,
2024,Primary,State Representative,_43,Lora Thomas,Lora,,Thomas,,,,Lora Thomas,Republican,,,,,Colorado,Lora Thomas,Colorado,2024,State Representative - District 43,,,,,,,,,,
2024,Primary,State Representative,_43,Matt Burcham,Matt,,Burcham,,,,Matt Burcham,Republican,,,,,Colorado,Matt Burcham,Colorado,2024,State Representative - District 43,,,,,,,,,,
2024,Primary,State Representative,_44,Alyssa Nilemo,Alyssa,,Nilemo,,,,Alyssa Nilemo,Democratic,,,,,Colorado,Alyssa Nilemo,Colorado,2024,State Representative - District 44,,,,,,,,,,
2024,Primary,State Representative,_44,Anthony Hartsook,Anthony,,Hartsook,,,,Anthony Hartsook,Republican,,,,,Colorado,Anthony Hartsook,Colorado,2024,State Representative - District 44,,,,,,,,,,
2024,Primary,State Representative,_45,Chad Cox,Chad,,Cox,,,,Chad Cox,Democratic,,,,,Colorado,Chad Cox,Colorado,2024,State Representative - District 45,,,,,,,,,,
2024,Primary,State Representative,_45,Bill Jack,Bill,,Jack,,,,Bill Jack,Republican,,,,,Colorado,Bill Jack,Colorado,2024,State Representative - District 45,,,,,,,,,,
2024,Primary,State Representative,_45,Max Brooks,Max,,Brooks,,,,Max Brooks,Republican,,,,,Colorado,Max Brooks,Colorado,2024,State Representative - District 45,,,,,,,,,,
2024,Primary,State Representative,_46,Tisha Mauro,Tisha,,Mauro,,,,Tisha Mauro,Democratic,,,,,Colorado,Tisha Mauro,Colorado,2024,State Representative - District 46,,,,,,,,,,
2024,Primary,State Representative,_46,Christina Rae Mascarenas,Christina,Rae,Mascarenas,,,,Christina Rae Mascarenas,Republican,,,,,Colorado,Christina Rae Mascarenas,Colorado,2024,State Representative - District 46,,,,,,,,,,
2024,Primary,State Representative,_46,Kim Swearingen,Kim,,Swearingen,,,,Kim Swearingen,Republican,,,,,Colorado,Kim Swearingen,Colorado,2024,State Representative - District 46,,,,,,,,,,
2024,Primary,State Representative,_47,Elizabeth Bulthuis,Elizabeth,,Bulthuis,,,,Elizabeth Bulthuis,Democratic,,,,,Colorado,Elizabeth Bulthuis,Colorado,2024,State Representative - District 47,,,,,,,,,,
2024,Primary,State Representative,_47,Ty S. Winter,Ty,S.,Winter,,,,Ty S. Winter,Republican,,,,,Colorado,Ty S. Winter,Colorado,2024,State Representative - District 47,,,,,,,,,,
2024,Primary,State Representative,_48,Carlos Barron,Carlos,,Barron,,,,Carlos Barron,Republican,,,,,Colorado,Carlos Barron,Colorado,2024,State Representative - District 48,,,,,,,,,,
2024,Primary,State Representative,_49,Lesley Smith,Lesley,,Smith,,,,Lesley Smith,Democratic,,,,,Colorado,Lesley Smith,Colorado,2024,State Representative - District 49,,,,,,,,,,
2024,Primary,State Representative,_49,Max Woodfin,Max,,Woodfin,,,,Max Woodfin,Democratic,,,,,Colorado,Max Woodfin,Colorado,2024,State Representative - District 49,,,,,,,,,,
2024,Primary,State Representative,_49,Steve Ferrante,Steve,,Ferrante,,,,Steve Ferrante,Republican,,,,,Colorado,Steve Ferrante,Colorado,2024,State Representative - District 49,,,,,,,,,,
2024,Primary,State Representative,_50,Mary Young,Mary,,Young,,,,Mary Young,Democratic,,,,,Colorado,Mary Young,Colorado,2024,State Representative - District 50,,,,,,,,,,
2024,Primary,State Representative,_50,Ryan Gonzalez,Ryan,,Gonzalez,,,,Ryan Gonzalez,Republican,,,,,Colorado,Ryan Gonzalez,Colorado,2024,State Representative - District 50,,,,,,,,,,
2024,Primary,State Representative,_51,Sarah McKeen,Sarah,,McKeen,,,,Sarah McKeen,Democratic,,,,,Colorado,Sarah McKeen,Colorado,2024,State Representative - District 51,,,,,,,,,,
2024,Primary,State Representative,_51,Ron Weinberg,Ron,,Weinberg,,,,Ron Weinberg,Republican,,,,,Colorado,Ron Weinberg,Colorado,2024,State Representative - District 51,,,,,,,,,,
2024,Primary,State Representative,_52,Yara Zokaie,Yara,,Zokaie,,,,Yara Zokaie,Democratic,,,,,Colorado,Yara Zokaie,Colorado,2024,State Representative - District 52,,,,,,,,,,
2024,Primary,State Representative,_52,Ethnie Treick,Ethnie,,Treick,,,,Ethnie Treick,Democratic,,,,,Colorado,Ethnie Treick,Colorado,2024,State Representative - District 52,,,,,,,,,,
2024,Primary,State Representative,_53,Andy Boesenecker,Andy,,Boesenecker,,,,Andy Boesenecker,Democratic,,,,,Colorado,Andy Boesenecker,Colorado,2024,State Representative - District 53,,,,,,,,,,
2024,Primary,State Representative,_53,Donna Walter,Donna,,Walter,,,,Donna Walter,Republican,,,,,Colorado,Donna Walter,Colorado,2024,State Representative - District 53,,,,,,,,,,
2024,Primary,State Representative,_54,Matt Soper,Matt,,Soper,,,,Matt Soper,Republican,,,,,Colorado,Matt Soper,Colorado,2024,State Representative - District 54,,,,,,,,,,
2024,Primary,State Representative,_55,Rick Taggart,Rick,,Taggart,,,,Rick Taggart,Republican,,,,,Colorado,Rick Taggart,Colorado,2024,State Representative - District 55,,,,,,,,,,
2024,Primary,State Representative,_56,Alessandra A. Navetta,Alessandra,A.,Navetta,,,,Alessandra A. Navetta,Democratic,,,,,Colorado,Alessandra A. Navetta,Colorado,2024,State Representative - District 56,,,,,,,,,,
2024,Primary,State Representative,_56,Chris Richardson,Chris,,Richardson,,,,Chris Richardson,Republican,,,,,Colorado,Chris Richardson,Colorado,2024,State Representative - District 56,,,,,,,,,,
2024,Primary,State Representative,_57,Elizabeth Velasco,Elizabeth,,Velasco,,,,Elizabeth Velasco,Democratic,,,,,Colorado,Elizabeth Velasco,Colorado,2024,State Representative - District 57,,,,,,,,,,
2024,Primary,State Representative,_57,Caleb Waller,Caleb,,Waller,,,,Caleb Waller,Republican,,,,,Colorado,Caleb Waller,Colorado,2024,State Representative - District 57,,,,,,,,,,
2024,Primary,State Representative,_58,Kathleen Curry,Kathleen,,Curry,,,,Kathleen Curry,Democratic,,,,,Colorado,Kathleen Curry,Colorado,2024,State Representative - District 58,,,,,,,,,,
2024,Primary,State Representative,_58,Larry Don Suckla,Larry,Don,Suckla,,,,Larry Don Suckla,Republican,,,,,Colorado,Larry Don Suckla,Colorado,2024,State Representative - District 58,,,,,,,,,,
2024,Primary,State Representative,_58,J. Mark Roeber,J.,Mark,Roeber,,,,J. Mark Roeber,Republican,,,,,Colorado,J. Mark Roeber,Colorado,2024,State Representative - District 58,,,,,,,,,,
2024,Primary,State Representative,_59,Katie Stewart,Katie,,Stewart,,,,Katie Stewart,Democratic,,,,,Colorado,Katie Stewart,Colorado,2024,State Representative - District 59,,,,,,,,,,
2024,Primary,State Representative,_59,Clark Craig,Clark,,Craig,,,,Clark Craig,Republican,,,,,Colorado,Clark Craig,Colorado,2024,State Representative - District 59,,,,,,,,,,
2024,Primary,State Representative,_60,Kathryn Green,Kathryn,,Green,,,,Kathryn Green,Democratic,,,,,Colorado,Kathryn Green,Colorado,2024,State Representative - District 60,,,,,,,,,,
2024,Primary,State Representative,_60,Stephanie Luck,Stephanie,,Luck,,,,Stephanie Luck,Republican,,,,,Colorado,Stephanie Luck,Colorado,2024,State Representative - District 60,,,,,,,,,,
2024,Primary,State Representative,_61,Eliza Hamrick,Eliza,,Hamrick,,,,Eliza Hamrick,Democratic,,,,,Colorado,Eliza Hamrick,Colorado,2024,State Representative - District 61,,,,,,,,,,
2024,Primary,State Representative,_61,Luis A. Moy,Luis,A.,Moy,,,,Luis A. Moy,Republican,,,,,Colorado,Luis A. Moy,Colorado,2024,State Representative - District 61,,,,,,,,,,
2024,Primary,State Representative,_62,Matthew Martinez,Matthew,,Martinez,,,,Matthew Martinez,Democratic,,,,,Colorado,Matthew Martinez,Colorado,2024,State Representative - District 62,,,,,,,,,,
2024,Primary,State Representative,_62,Carol Riggenbach,Carol,,Riggenbach,,,,Carol Riggenbach,Republican,,,,,Colorado,Carol Riggenbach,Colorado,2024,State Representative - District 62,,,,,,,,,,
2024,Primary,State Representative,_63,Charles Alvarado,Charles,,Alvarado,,,,Charles Alvarado,Democratic,,,,,Colorado,Charles Alvarado,Colorado,2024,State Representative - District 63,,,,,,,,,,
2024,Primary,State Representative,_63,Dusty A Johnson,Dusty,A,Johnson,,,,Dusty A Johnson,Republican,,,,,Colorado,Dusty A Johnson,Colorado,2024,State Representative - District 63,,,,,,,,,,
2024,Primary,State Representative,_63,Brian Urdiales,Brian,,Urdiales,,,,Brian Urdiales,Republican,,,,,Colorado,Brian Urdiales,Colorado,2024,State Representative - District 63,,,,,,,,,,
2024,Primary,State Representative,_64,Mark K Matthews,Mark,K,Matthews,,,,Mark K Matthews,Democratic,,,,,Colorado,Mark K Matthews,Colorado,2024,State Representative - District 64,,,,,,,,,,
2024,Primary,State Representative,_64,Ryan Armagost,Ryan,,Armagost,,,,Ryan Armagost,Republican,,,,,Colorado,Ryan Armagost,Colorado,2024,State Representative - District 64,,,,,,,,,,
2024,Primary,State Representative,_65,Will Walters,Will,,Walters,,,,Will Walters,Democratic,,,,,Colorado,Will Walters,Colorado,2024,State Representative - District 65,,,,,,,,,,
2024,Primary,State Representative,_65,Lori Garcia Sander,Lori,Garcia,Sander,,,,Lori Garcia Sander,Republican,,,,,Colorado,Lori Garcia Sander,Colorado,2024,State Representative - District 65,,,,,,,,,,
2024,Primary,State Representative,_65,Trent Lane Leisy,Trent,Lane,Leisy,,,,Trent Lane Leisy,Republican,,,,,Colorado,Trent Lane Leisy,Colorado,2024,State Representative - District 65,,,,,,,,,,
2024,Primary,District Attorney,,Alexis King,Alexis,,King,,,,Alexis King,Democratic,,,,,Colorado,Alexis King,Colorado,2024,District Attorney - 1st Judicial District,,,,,,,,,,
2024,Primary,District Attorney,,John Walsh,John,,Walsh,,,,John Walsh,Democratic,,,,,Colorado,John Walsh,Colorado,2024,District Attorney - 2nd Judicial District,,,,,,,,,,
2024,Primary,District Attorney,,Leora Joseph,Leora,,Joseph,,,,Leora Joseph,Democratic,,,,,Colorado,Leora Joseph,Colorado,2024,District Attorney - 2nd Judicial District,,,,,,,,,,
2024,Primary,District Attorney,,Nicholas J. Dale,Nicholas,J.,Dale,,,,Nicholas J. Dale,Democratic,,,,,Colorado,Nicholas J. Dale,Colorado,2024,District Attorney - 3rd Judicial District,,,,,,,,,,
2024,Primary,District Attorney,,Jeremy Dowell,Jeremy,,Dowell,,,,Jeremy Dowell,Democratic,,,,,Colorado,Jeremy Dowell,Colorado,2024,District Attorney - 4th Judicial District,,,,,,,,,,
2024,Primary,District Attorney,,David Willson,David,,Willson,,,,David Willson,Republican,,,,,Colorado,David Willson,Colorado,2024,District Attorney - 4th Judicial District,,,,,,,,,,
2024,Primary,District Attorney,,Michael J. Allen,Michael,J.,Allen,,,,Michael J. Allen,Republican,,,,,Colorado,Michael J. Allen,Colorado,2024,District Attorney - 4th Judicial District,,,,,,,,,,
2024,Primary,District Attorney,,Heidi McCollum,Heidi,,McCollum,,,,Heidi McCollum,Democratic,,,,,Colorado,Heidi McCollum,Colorado,2024,District Attorney - 5th Judicial District,,,,,,,,,,
2024,Primary,District Attorney,,Sean Murray,Sean,,Murray,,,,Sean Murray,Democratic,,,,,Colorado,Sean Murray,Colorado,2024,District Attorney - 6th Judicial District,,,,,,,,,,
2024,Primary,District Attorney,,Seth Ryan,Seth,,Ryan,,,,Seth Ryan,Republican,,,,,Colorado,Seth Ryan,Colorado,2024,District Attorney - 7th Judicial District,,,,,,,,,,
2024,Primary,District Attorney,,Gordon McLaughlin,Gordon,,McLaughlin,,,,Gordon McLaughlin,Democratic,,,,,Colorado,Gordon McLaughlin,Colorado,2024,District Attorney - 8th Judicial District,,,,,,,,,,
2024,Primary,District Attorney,,Ben Sollars,Ben,,Sollars,,,,Ben Sollars,Republican,,,,,Colorado,Ben Sollars,Colorado,2024,District Attorney - 9th Judicial District,,,,,,,,,,
2024,Primary,District Attorney,,Kyle S. Aber,Kyle,S.,Aber,,,,Kyle S. Aber,Democratic,,,,,Colorado,Kyle S. Aber,Colorado,2024,District Attorney - 10th Judicial District,,,,,,,,,,
2024,Primary,District Attorney,,Kala Beauvais,Kala,,Beauvais,,,,Kala Beauvais,Republican,,,,,Colorado,Kala Beauvais,Colorado,2024,District Attorney - 10th Judicial District,,,,,,,,,,
2024,Primary,District Attorney,,Jeffrey D. Lindsey,Jeffrey,D.,Lindsey,,,,Jeffrey D. Lindsey,Republican,,,,,Colorado,Jeffrey D. Lindsey,Colorado,2024,District Attorney - 11th Judicial District,,,,,,,,,,
2024,Primary,District Attorney,,Anne Kelly,Anne,,Kelly,,,,Anne Kelly,Republican,,,,,Colorado,Anne Kelly,Colorado,2024,District Attorney - 12th Judicial District,,,,,,,,,,
2024,Primary,District Attorney,,Travis Sides,Travis,,Sides,,,,Travis Sides,Republican,,,,,Colorado,Travis Sides,Colorado,2024,District Attorney - 13th Judicial District,,,,,,,,,,
2024,Primary,District Attorney,,Andrew J. Hayden,Andrew,J.,Hayden,,,,Andrew J. Hayden,Republican,,,,,Colorado,Andrew J. Hayden,Colorado,2024,District Attorney - 15th Judicial District,,,,,,,,,,
2024,Primary,District Attorney,,James R. Bullock,James,R.,Bullock,,,,James R. Bullock,Republican,,,,,Colorado,James R. Bullock,Colorado,2024,District Attorney - 16th Judicial District,,,,,,,,,,
2024,Primary,District Attorney,,Brian Mason,Brian,,Mason,,,,Brian Mason,Democratic,,,,,Colorado,Brian Mason,Colorado,2024,District Attorney - 17th Judicial District,,,,,,,,,,
2024,Primary,District Attorney,,Amy Padden,Amy,,Padden,,,,Amy Padden,Democratic,,,,,Colorado,Amy Padden,Colorado,2024,District Attorney - 18th Judicial District,,,,,,,,,,
2024,Primary,District Attorney,,Carol Chambers,Carol,,Chambers,,,,Carol Chambers,Republican,,,,,Colorado,Carol Chambers,Colorado,2024,District Attorney - 18th Judicial District,,,,,,,,,,
2024,Primary,District Attorney,,Michael J. Rourke,Michael,J.,Rourke,,,,Michael J. Rourke,Republican,,,,,Colorado,Michael J. Rourke,Colorado,2024,District Attorney - 19th Judicial District,,,,,,,,,,
2024,Primary,District Attorney,,Michael T. Dougherty,Michael,T.,Dougherty,,,,Michael T. Dougherty,Democratic,,,,,Colorado,Michael T. Dougherty,Colorado,2024,District Attorney - 20th Judicial District,,,,,,,,,,
2024,Primary,District Attorney,,Dan Rubinstein,Dan,,Rubinstein,,,,Dan Rubinstein,Republican,,,,,Colorado,Dan Rubinstein,Colorado,2024,District Attorney - 21st Judicial District,,,,,,,,,,
2024,Primary,District Attorney,,Christian A. Hatfield,Christian,A.,Hatfield,,,,Christian A. Hatfield,Democratic,,,,,Colorado,Christian A. Hatfield,Colorado,2024,District Attorney - 22nd Judicial District,,,,,,,,,,
2024,Primary,District Attorney,,Jeremy E. Reed,Jeremy,E.,Reed,,,,Jeremy E. Reed,Republican,,,,,Colorado,Jeremy E. Reed,Colorado,2024,District Attorney - 22nd Judicial District,,,,,,,,,,
2024,Primary,District Attorney,,Karen Breslin,Karen,,Breslin,,,,Karen Breslin,Democratic,,,,,Colorado,Karen Breslin,Colorado,2024,District Attorney - 23rd Judicial District,,,,,,,,,,
2024,Primary,District Attorney,,Dagny Van Der Jagt,Dagny,Van Der,Jagt,,,,Dagny Van Der Jagt,Republican,,,,,Colorado,Dagny Van Der Jagt,Colorado,2024,District Attorney - 23rd Judicial District,,,,,,,,,,
2024,Primary,District Attorney,,George Brauchler,George,,Brauchler,,,,George Brauchler,Republican,,,,,Colorado,George Brauchler,Colorado,2024,District Attorney - 23rd Judicial District,,,,,,,,,,
